transaction_id,user_id,date,amount,category,type,on_time
TXN00489,U1008,2025-10-02,65675.18,Salary,Credit,
TXN00490,U1008,2025-10-25,828.59,Utility,Debit,True
TXN00491,U1008,2025-10-19,4523.7,Utility,Debit,True
TXN00492,U1008,2025-10-23,2266.44,Utility,Debit,False
TXN00493,U1008,2025-10-27,3590.61,Food,Debit,
TXN00494,U1008,2025-10-20,2814.59,Discretionary,Debit,
TXN00495,U1008,2025-10-09,6060.95,Discretionary,Debit,
TXN00496,U1008,2025-10-08,1868.64,Discretionary,Debit,
TXN00497,U1008,2025-10-23,6566.12,Transport,Debit,
TXN00498,U1008,2025-10-21,6654.7,Transport,Debit,
TXN00499,U1008,2025-10-17,1034.44,Discretionary,Debit,
TXN00500,U1008,2025-10-16,4015.29,Discretionary,Debit,
TXN00501,U1008,2025-10-22,5017.96,Food,Debit,
TXN00502,U1008,2025-10-09,10988.31,Insurance,Debit,False
TXN00503,U1008,2025-11-03,65675.18,Salary,Credit,
TXN00504,U1008,2025-11-08,3348.08,Utility,Debit,True
TXN00505,U1008,2025-11-07,2669.91,Utility,Debit,True
TXN00506,U1008,2025-11-18,2648.65,Utility,Debit,True
TXN00507,U1008,2025-11-26,288.87,Transport,Debit,
TXN00508,U1008,2025-11-27,2041.75,Discretionary,Debit,
TXN00509,U1008,2025-11-05,1283.74,Food,Debit,
TXN00510,U1008,2025-11-06,6996.74,Discretionary,Debit,
TXN00511,U1008,2025-11-16,1329.93,Discretionary,Debit,
TXN00512,U1008,2025-11-17,3925.63,Food,Debit,
TXN00513,U1008,2025-11-25,4504.15,Discretionary,Debit,
TXN00514,U1008,2025-11-16,4909.02,Food,Debit,
TXN00515,U1008,2025-12-03,65675.18,Salary,Credit,
TXN00516,U1008,2025-12-12,4261.2,Utility,Debit,False
TXN00517,U1008,2025-12-12,1901.75,Utility,Debit,True
TXN00518,U1008,2025-12-23,7049.48,Transport,Debit,
TXN00519,U1008,2025-12-16,4374.43,Food,Debit,
TXN00520,U1008,2025-12-22,5740.63,Discretionary,Debit,
TXN00521,U1008,2025-12-04,6642.94,Discretionary,Debit,
TXN00522,U1008,2025-12-03,4744.05,Transport,Debit,
TXN00523,U1008,2025-12-09,5015.79,Food,Debit,
TXN00524,U1008,2025-12-05,4138.19,Food,Debit,
TXN00525,U1008,2025-12-13,1998.07,Discretionary,Debit,
TXN00526,U1008,2025-12-27,6345.94,Discretionary,Debit,
TXN00527,U1008,2026-01-01,65675.18,Salary,Credit,
TXN00528,U1008,2026-01-06,2720.39,Utility,Debit,True
TXN00529,U1008,2026-01-19,1223.92,Utility,Debit,True
TXN00530,U1008,2026-01-04,1996.24,Food,Debit,
TXN00531,U1008,2026-01-01,7625.15,Discretionary,Debit,
TXN00532,U1008,2026-01-16,361.11,Food,Debit,
TXN00533,U1008,2026-01-03,7581.37,Transport,Debit,
TXN00534,U1008,2026-01-15,4303.66,Transport,Debit,
TXN00535,U1008,2026-01-23,2287.78,Discretionary,Debit,
TXN00536,U1008,2026-01-14,1159.83,Discretionary,Debit,
TXN00537,U1008,2026-01-03,2992.9,Food,Debit,
TXN00538,U1008,2026-01-13,3863.96,Insurance,Debit,True
TXN00539,U1008,2026-02-01,65675.18,Salary,Credit,
TXN00540,U1008,2026-02-23,4784.69,Utility,Debit,True
TXN00541,U1008,2026-02-05,767.52,Utility,Debit,True
TXN00542,U1008,2026-02-18,6637.85,Food,Debit,
TXN00543,U1008,2026-02-22,647.49,Discretionary,Debit,
TXN00544,U1008,2026-02-17,4247.6,Food,Debit,
TXN00545,U1008,2026-02-15,1629.61,Transport,Debit,
TXN00546,U1008,2026-02-11,4567.27,Food,Debit,
TXN00547,U1008,2026-02-12,5042.5,Transport,Debit,
TXN00548,U1008,2026-02-06,1236.47,Food,Debit,
TXN00549,U1008,2026-03-03,65675.18,Salary,Credit,
TXN00550,U1008,2026-03-15,4276.15,Utility,Debit,True
TXN00551,U1008,2026-03-19,3693.67,Utility,Debit,True
TXN00552,U1008,2026-03-09,7739.56,Food,Debit,
TXN00553,U1008,2026-03-16,457.71,Food,Debit,
TXN00554,U1008,2026-03-01,3443.04,Food,Debit,
TXN00555,U1008,2026-03-04,2497.79,Transport,Debit,
TXN00556,U1008,2026-03-09,7043.51,Transport,Debit,
TXN00557,U1008,2026-03-10,5092.93,Insurance,Debit,True
